,no,ranking,bookname,authors,publisher,publication_year,isbn13,addition_symbol,vol,class_no,class_nm,loan_count,bookImageURL,bookDtlUrl
0,1,1,달러구트 꿈 백화점.이미예 장편소설 ,지은이: 이미예,팩토리나인,2020,9791165341909,03810,,813.7,문학 > 한국문학 > 소설,2220,https://image.aladin.co.kr/product/24512/70/cover/k392630952_1.jpg,https://data4library.kr/bookV?seq=5707051
1,2,2,"물고기는 존재하지 않는다 :상실, 사랑 그리고 숨어 있는 삶의 질서에 관한 이야기 ",룰루 밀러 지음 ;정지인 옮김,곰출판,2021,9791189327156,03400,,490.99,자연과학 > 동물학 > 동물학,2207,https://image.aladin.co.kr/product/28465/73/cover/k092835920_1.jpg,https://data4library.kr/bookV?seq=6360937
2,3,3,지구 끝의 온실 :김초엽 장편소설 ,지은이: 김초엽,Giant Books(자이언트북스),2021,9791191824001,03810,,813.7,문학 > 한국문학 > 소설,2120,https://image.aladin.co.kr/product/27692/63/cover/k082733434_1.jpg,https://data4library.kr/bookV?seq=6065686
3,4,4,불편한 편의점 :김호연 장편소설 ,지은이: 김호연,나무옆의자,2021,9791161571188,03810,,813.7,문학 > 한국문학 > 소설,2056,https://image.aladin.co.kr/product/26942/84/cover/k582730818_1.jpg,https://data4library.kr/bookV?seq=5962217
4,5,5,"시선으로부터, :정세랑 장편소설 ",지은이: 정세랑,문학동네,2020,9788954672214,03810,,813.7,문학 > 한국문학 > 소설,2029,https://image.aladin.co.kr/product/24131/37/cover/8954672213_1.jpg,https://data4library.kr/bookV?seq=5674475
5,6,6,우리가 빛의 속도로 갈 수 없다면 :김초엽 소설 ,지은이: 김초엽,허블,2019,9791190090018,03810,,813.7,문학 > 한국문학 > 소설,2011,https://image.aladin.co.kr/product/19359/16/cover/s972635417_1.jpg,https://data4library.kr/bookV?seq=5430429
6,7,7,천 개의 파랑 :천선란 장편소설 ,지은이: 천선란,허블,2020,9791190090261,03810,,813.7,문학 > 한국문학 > 소설,1722,https://image.aladin.co.kr/product/24895/69/cover/k882632470_2.jpg,https://data4library.kr/bookV?seq=5738747
7,8,8,"칵테일, 러브, 좀비 ",지은이: 조예은,안전가옥,2020,9791190174756,03810,,813.7,문학 > 한국문학 > 소설,1691,https://image.aladin.co.kr/product/23736/85/cover/k692639764_1.jpg,https://data4library.kr/bookV?seq=5650149
8,9,9,홍학의 자리 :정해연 장편소설 ,지은이: 정해연,문학동네,2021,9788954681155,03810,,813.7,문학 > 한국문학 > 소설,1670,https://image.aladin.co.kr/product/27587/94/cover/8954681158_1.jpg,https://data4library.kr/bookV?seq=6050062
9,10,10,지구에서 한아뿐 :정세랑 장편소설 ,지은이: 정세랑,난다,2019,9791188862290,03810,,813.7,문학 > 한국문학 > 소설,1661,https://image.aladin.co.kr/product/19804/82/cover/k072635131_1.jpg,https://data4library.kr/bookV?seq=5446546
10,11,11,밝은 밤 :최은영 장편소설 ,지은이: 최은영,문학동네,2021,9788954681179,03810,,813.7,문학 > 한국문학 > 소설,1639,https://image.aladin.co.kr/product/27541/91/cover/8954681174_1.jpg,https://data4library.kr/bookV?seq=6045915
11,12,12,달러구트 꿈 백화점.이미예 장편소설 ,지은이: 이미예,팩토리나인,2020,9791165343729,03810,2,813.7,문학 > 한국문학 > 소설,1611,https://image.aladin.co.kr/product/27587/47/cover/k962733015_1.jpg,https://data4library.kr/bookV?seq=6049391
12,13,13,아몬드손원평 장편소설,손원평,창비,2017,9788936434267,03810,,813.7,문학 > 한국문학 > 소설,1598,http://image.aladin.co.kr/product/16839/4/cover/k492534773_1.jpg,https://data4library.kr/bookV?seq=3423096
13,14,13,트로피컬 나이트 =조예은 소설집 /Tropical night ,지은이: 조예은,한겨레엔,2022,9791160408331,03810,,813.7,문학 > 한국문학 > 소설,1598,https://image.aladin.co.kr/product/29946/7/cover/k962838741_1.jpg,https://data4library.kr/bookV?seq=6541800
14,15,15,미드나잇 라이브러리 ,매트 헤이그 지음 ;노진선 옮김,인플루엔셜,2021,9791191056556,03840,,843.6,문학 > 영미문학 > 소설,1536,https://image.aladin.co.kr/product/26987/37/cover/k962730610_1.jpg,https://data4library.kr/bookV?seq=5965665
15,16,16,나는 소망한다 내게 금지된 것을 :양귀자 장편소설 ,지은이: 양귀자,쓰다,2019,9788998441074,03810,,813.62,문학 > 한국문학 > 소설,1517,https://image.aladin.co.kr/product/18936/52/cover/8998441071_1.jpg,https://data4library.kr/bookV?seq=5395822
16,17,17,구의 증명 :최진영 소설 ,지은이: 최진영,은행나무,2015,9788956608556,03810,,813.7,문학 > 한국문학 > 소설,1507,http://image.aladin.co.kr/product/5527/50/cover/8956608555_1.jpg,https://data4library.kr/bookV?seq=2619618
17,18,18,다정한 것이 살아남는다 ,"지은이: 브라이언 헤어,옮긴이: 이민아",디플롯,2021,9791197413025,03400,,182.4,철학 > 심리학 > 차이심리학,1406,https://image.aladin.co.kr/product/27608/83/cover/k722733028_1.jpg,https://data4library.kr/bookV?seq=6060921
18,19,19,나미야 잡화점의 기적 :히가시노 게이고 장편소설 ,지은이: 히가시노 게이고 ;옮긴이: 양윤옥,현대문학,2012,9788972756194,03830,,833.6,문학 > 일본문학 > 소설,1400,http://image.aladin.co.kr/product/15848/6/cover/k622533431_1.jpg,https://data4library.kr/bookV?seq=1902173
19,20,20,종의 기원 =정유정 장편소설 /The origin of species ,지은이: 정유정,은행나무,2016,9788956609959,03810,,813.7,문학 > 한국문학 > 소설,1388,http://image.aladin.co.kr/product/7492/9/cover/8956609950_2.jpg,https://data4library.kr/bookV?seq=3151708
20,21,21,공정하다는 착각 :능력주의는 모두에게 같은 기회를 제공하는가 ,마이클 샌델 지음 ;함규진 옮김,미래엔,2020,9791164136452,03300,,332.6,"사회과학 > 사회학, 사회문제 > 사회조직 및 제도",1366,https://image.aladin.co.kr/product/25470/6/cover/k092633826_1.jpg,https://data4library.kr/bookV?seq=5791228
21,22,22,심판 ,베르나르 베르베르 지음 ;전미연 옮김,열린책들,2020,9788932920405,03860,,862,문학 > 프랑스문학 > 희곡,1339,https://image.aladin.co.kr/product/24919/70/cover/8932920400_1.jpg,https://data4library.kr/bookV?seq=5738734
22,23,23,피프티 피플 :정세랑 장편소설 ,지은이: 정세랑,창비,2016,9788936434243,03810,,813.7,문학 > 한국문학 > 소설,1305,https://bookthumb-phinf.pstatic.net/cover/113/062/11306271.jpg?type=m1&udate=20180117,https://data4library.kr/bookV?seq=3391014
23,24,23,완전한 행복 :정유정 장편소설 ,지은이: 정유정,은행나무,2021,9791167370280,03810,,813.7,문학 > 한국문학 > 소설,1305,https://image.aladin.co.kr/product/27225/29/cover/k432732398_2.jpg,https://data4library.kr/bookV?seq=5987427
24,25,25,모순 :양귀자 장편소설 ,지은이: 양귀자,쓰다,2013,9788998441012,03810,,813.62,문학 > 한국문학 > 소설,1297,https://bookthumb-phinf.pstatic.net/cover/071/902/07190270.jpg?type=m1&udate=20170801,https://data4library.kr/bookV?seq=1938053
25,26,26,쇼코의 미소 :최은영 소설 ,지은이: 최은영,문학동네,2016,9788954641630,03810,,813.7,문학 > 한국문학 > 소설,1275,https://bookthumb-phinf.pstatic.net/cover/107/859/10785953.jpg?type=m1&udate=20180717,https://data4library.kr/bookV?seq=3190615
26,27,27,소년이 온다 :한강 장편소설 ,지은이: 한강,창비,2014,9788936434120,03810,,813.62,문학 > 한국문학 > 소설,1254,http://image.aladin.co.kr/product/4086/97/cover/8936434128_2.jpg,https://data4library.kr/bookV?seq=2037399
27,28,28,"오늘 밤, 세계에서 이 사랑이 사라진다 해도 ",이치조 미사키 지음 ;권영주 옮김,바이포엠,2021,9791191043297,03830,,833.6,문학 > 일본문학 > 소설,1241,https://image.aladin.co.kr/product/27407/79/cover/k362732558_1.jpg,https://data4library.kr/bookV?seq=6036502
28,29,29,"어서오세요, 휴남동 서점입니다 :황보름 장편소설 ",지은이: 황보름,클레이하우스,2022,9791197377143,03810,,813.7,문학 > 한국문학 > 소설,1239,https://image.aladin.co.kr/product/28685/95/cover/k362836265_1.jpg,https://data4library.kr/bookV?seq=6389692
29,30,30,방금 떠나온 세계 :김초엽 소설집 ,지은이: 김초엽,한겨레엔,2021,9791160406504,03810,,813.7,문학 > 한국문학 > 소설,1187,https://image.aladin.co.kr/product/28170/22/cover/k032835560_1.jpg,https://data4library.kr/bookV?seq=6322276
30,31,31,역행자 :돈·시간·운명으로부터 완전한 자유를 얻는 7단계 인생 공략집 ,자청 지음,웅진씽크빅,2022,9788901260716,03320,,325.211,사회과학 > 경제학 > 경영관리,1183,https://image.aladin.co.kr/product/29521/63/cover/8901260719_1.jpg,https://data4library.kr/bookV?seq=6468069
31,32,32,"사피엔스 :유인원에서 사이보그까지, 인간 역사의 대담하고 위대한 질문 ",지은이: 유발 하라리 ;옮긴이: 조현욱,김영사,2015,9788934972464,03900,,909,"역사 > 역사 > 세계사, 세계문화사",1162,https://bookthumb-phinf.pstatic.net/cover/097/807/09780781.jpg?type=m1&udate=20180721,https://data4library.kr/bookV?seq=3027835
32,33,33,채식주의자:한강 연작소설,한강,창비,2007,9788936433598,03810,,813.6,문학 > 한국문학 > 소설,1135,https://bookthumb-phinf.pstatic.net/cover/033/094/03309417.jpg?type=m1&udate=20180609,https://data4library.kr/bookV?seq=2155671
33,34,34,아주 작은 습관의 힘 :최고의 변화는 어떻게 만들어지는가 ,제임스 클리어 지음 ;이한이 옮김,비즈니스북스,2019,9791162540640,03190,,181.845,철학 > 심리학 > 각론,1124,https://image.aladin.co.kr/product/18228/51/cover/k832534441_1.jpg,https://data4library.kr/bookV?seq=5368180
34,35,35,일의 기쁨과 슬픔 :장류진 소설집 ,지은이: 장류진,창비,2019,9788936438036,03810,,813.7,문학 > 한국문학 > 소설,1110,https://image.aladin.co.kr/product/21292/13/cover/8936438034_1.jpg,https://data4library.kr/bookV?seq=5508125
35,36,36,세상의 마지막 기차역 ,무라세 다케시 지음 ;김지연 옮김,바이포엠 스튜디오,2022,9791191043754,03830,,833.6,문학 > 일본문학 > 소설,1096,https://image.aladin.co.kr/product/29442/51/cover/k762837520_1.jpg,https://data4library.kr/bookV?seq=6460241
36,37,37,내게 무해한 사람 :최은영 소설 ,지은이: 최은영,문학동네,2018,9788954651820,03810,,813.7,문학 > 한국문학 > 소설,1087,https://image.aladin.co.kr/product/15133/51/cover/8954651828_1.jpg,https://data4library.kr/bookV?seq=3774162
37,38,38,불편한 편의점 :김호연 장편소설,지은이: 김호연,나무옆의자,2022,9791161571379,03810,2,813.7,문학 > 한국문학 > 소설,1073,https://image.aladin.co.kr/product/29858/98/cover/k432838027_1.jpg,https://data4library.kr/bookV?seq=6529613
38,39,39,아버지의 해방일지 :정지아 장편소설 ,지은이: 정지아,창비,2022,9788936438838,03810,,813.7,문학 > 한국문학 > 소설,1072,https://image.aladin.co.kr/product/30048/51/cover/8936438832_1.jpg,https://data4library.kr/bookV?seq=6551957
39,40,39,파과 :구병모 장편소설 ,지은이: 구병모,위즈덤하우스 미디어그룹,2018,9791162203620,03810,,813.7,문학 > 한국문학 > 소설,1072,http://image.aladin.co.kr/product/14224/40/cover/k872532537_1.jpg,https://data4library.kr/bookV?seq=3742540
40,41,41,작별인사 :김영하 장편소설 ,지은이: 김영하,복복서가,2022,9791191114225,03810,,813.62,문학 > 한국문학 > 소설,1066,https://image.aladin.co.kr/product/29281/68/cover/k122837904_1.jpg,https://data4library.kr/bookV?seq=6446085
41,42,42,어린이라는 세계 :김소영 에세이 ,지은이: 김소영,사계절(사계절출판사),2020,9791160946918,03810,,818,문학 > 한국문학 > 르포르타주 및 기타,1049,https://image.aladin.co.kr/product/25509/75/cover/k132633125_1.jpg,https://data4library.kr/bookV?seq=5795911
42,43,43,파친코 :이민진 장편소설,이민진 지음 ;이미정 옮김,문학사상,2018,9788970129815,04840,1,843.6,문학 > 영미문학 > 소설,1026,https://bookthumb-phinf.pstatic.net/cover/134/282/13428208.jpg?type=m1&udate=20180331,https://data4library.kr/bookV?seq=3723218
43,44,44,타이탄의 도구들 :1만 시간의 법칙을 깬 거인들의 61가지 전략 ,팀 페리스 지음 ;정지현 옮김,Tornado(토네이도),2017,9791158510619,03190,,325.211,사회과학 > 경제학 > 경영관리,1021,http://image.aladin.co.kr/product/10590/57/cover/k162530537_1.jpg,https://data4library.kr/bookV?seq=3423727
44,45,45,해가 지는 곳으로 :최진영 장편소설 ,지은이: 최진영,민음사,2017,9788937473166,04810,,813.7,문학 > 한국문학 > 소설,982,http://image.aladin.co.kr/product/11281/18/cover/893747316x_1.jpg,https://data4library.kr/bookV?seq=3468676
45,46,46,"어느 날, 내 죽음에 네가 들어왔다 ",세이카 료겐 지음 ;김윤경 옮김,바이포엠 스튜디오,2022,9791191043723,03830,,833.6,문학 > 일본문학 > 소설,981,https://image.aladin.co.kr/product/29396/69/cover/k402837513_1.jpg,https://data4library.kr/bookV?seq=6455125
46,47,47,여행의 이유 :김영하 산문 ,지은이: 김영하,문학동네,2019,9788954655972,03810,,816.62,"문학 > 한국문학 > 일기, 서간, 기행",976,https://image.aladin.co.kr/product/18827/60/cover/8954655971_2.jpg,https://data4library.kr/bookV?seq=5390731
47,48,48,프로젝트 헤일메리 ,앤디 위어 지음 ;강동혁 옮김,RHK(알에이치코리아),2021,9788925588735,04840,,843.6,문학 > 영미문학 > 소설,961,https://image.aladin.co.kr/product/27045/43/cover/8925588730_1.jpg,https://data4library.kr/bookV?seq=5969086
48,49,49,럭키 드로우 =나만의 길을 찾을 때까지 인생의 레버를 당기는 법 /Lucky draw ,드로우앤드류 지음,다산북스,2022,9791130679822,03190,,325.211,사회과학 > 경제학 > 경영관리,960,https://image.aladin.co.kr/product/28738/4/cover/k052836785_1.jpg,https://data4library.kr/bookV?seq=6393384
49,50,50,바깥은 여름 :김애란 소설 ,지은이: 김애란,문학동네,2017,9788954646079,03810,,813.7,문학 > 한국문학 > 소설,948,http://image.aladin.co.kr/product/15533/81/cover/k852533629_1.jpg,https://data4library.kr/bookV?seq=3451595
50,51,51,도파민네이션 :쾌락 과잉 시대에서 균형 찾기 ,애나 렘키 지음 ;김두완 옮김,흐름출판,2022,9788965965046,03180,,181.71,철학 > 심리학 > 각론,930,https://image.aladin.co.kr/product/29125/5/cover/8965965047_1.jpg,https://data4library.kr/bookV?seq=6428072
51,52,52,원씽 :복잡한 세상을 이기는 단순함의 힘 ,"게리 켈러,구세희 옮김",비즈니스북스,2013,9788997575169,13190,,325.04,사회과학 > 경제학 > 경영관리,928,https://bookthumb-phinf.pstatic.net/cover/072/793/07279338.jpg?type=m1&udate=20171117,https://data4library.kr/bookV?seq=1967433
52,53,53,돈의 속성 :최상위 부자가 말하는 돈에 대한 모든 것 ,지은이: 김승호,Snowfox(스노우폭스북스),2020,9791188331796,03320,,327.04,사회과학 > 경제학 > 금융,919,https://image.aladin.co.kr/product/24191/64/cover/k562639753_1.jpg,https://data4library.kr/bookV?seq=5678862
53,54,54,소크라테스 익스프레스 :철학이 우리 인생에 스며드는 순간 ,에릭 와이너 지음 ;김하현 옮김,어크로스(어크로스출판그룹),2021,9791190030922,03100,,102,철학 > 철학 > 잡저,906,https://image.aladin.co.kr/product/27025/39/cover/k822730528_1.jpg,https://data4library.kr/bookV?seq=5967644
54,55,55,이토록 평범한 미래 :김연수 소설 ,지은이: 김연수,문학동네,2022,9788954680004,03810,,813.62,문학 > 한국문학 > 소설,903,https://image.aladin.co.kr/product/30211/80/cover/8954680003_1.jpg,https://data4library.kr/bookV?seq=6567245
55,56,56,미움받을 용기 :자유롭고 행복한 삶을 위한 아들러의 가르침 ,"기시미 이치로,전경아 옮김",인플루엔셜,2014,9788996991342,13180,,189.2,철학 > 심리학 > 응용심리학 일반,895,https://bookthumb-phinf.pstatic.net/cover/083/399/08339910.jpg?type=m1&udate=20180616,https://data4library.kr/bookV?seq=2396926
56,57,57,아가미 :구병모 장편소설 ,지은이: 구병모,위즈덤하우스,2018,9791162203392,03810,,813.7,문학 > 한국문학 > 소설,876,http://image.aladin.co.kr/product/13925/89/cover/k732532525_1.jpg,https://data4library.kr/bookV?seq=3732414
57,58,58,가면산장 살인사건 ,지은이: 히가시노 게이고 ;옮긴이: 김난주,재인,2014,9788990982575,03830,,833.6,문학 > 일본문학 > 소설,867,http://image.aladin.co.kr/product/4745/51/cover/899098257x_2.jpg,https://data4library.kr/bookV?seq=2427470
58,59,59,목소리를 드릴게요 :정세랑 소설집 ,지은이: 정세랑,아작,2020,9791165300005,03810,,813.7,문학 > 한국문학 > 소설,861,https://image.aladin.co.kr/product/22246/11/cover/k842636722_1.jpg,https://data4library.kr/bookV?seq=5549987
59,60,59,지적 대화를 위한 넓고 얕은 지식 1 - 현실 편 : 역사 / 경제 / 정치 / 사회 / 윤리,채사장 (지은이),웨일북,2020,9791190313186,,1,001.3,"총류 > 총류 > 지식, 학문 일반",861,https://image.aladin.co.kr/product/22872/79/cover/k992636841_2.jpg,https://data4library.kr/bookV?seq=5584764
60,61,61,천문학자는 별을 보지 않는다 ,심채경 지음,문학동네,2021,9788954677257,03810,,440.4,자연과학 > 천문학 > 천문학,850,https://image.aladin.co.kr/product/26429/15/cover/8954677258_1.jpg,https://data4library.kr/bookV?seq=5926266
61,62,62,선량한 차별주의자 ,김지혜 지음,창비,2019,9788936477196,03300,,334,"사회과학 > 사회학, 사회문제 > 사회문제",844,https://image.aladin.co.kr/product/19874/76/cover/8936477196_1.jpg,https://data4library.kr/bookV?seq=5448422
62,63,63,가녀장의 시대 :이슬아 장편소설 ,지은이: 이슬아,문학동네,2022,9788954688796,03810,,813.7,문학 > 한국문학 > 소설,839,https://image.aladin.co.kr/product/30261/10/cover/8954688799_1.jpg,https://data4library.kr/bookV?seq=6570833
63,64,64,돌이킬 수 있는 =문목하 장편소설 /Eversible ,지은이: 문목하,아작,2018,9791189015381,03810,,813.7,문학 > 한국문학 > 소설,835,https://image.aladin.co.kr/product/17531/63/cover/k062534304_1.jpg,https://data4library.kr/bookV?seq=5253241
64,65,65,살인자의 기억법 :김영하 장편소설 ,지은이: 김영하,문학동네,2013,9788954622035,03810,,813.62,문학 > 한국문학 > 소설,830,https://bookthumb-phinf.pstatic.net/cover/072/622/07262295.jpg?type=m1&udate=20180314,https://data4library.kr/bookV?seq=1962014
65,66,66,스노볼 드라이브 :조예은 장편소설 ,지은이: 조예은,민음사,2021,9788937473319,04810,,813.7,문학 > 한국문학 > 소설,825,https://bookthumb-phinf.pstatic.net/cover/180/045/18004516.jpg?type=m1&udate=20210218,https://data4library.kr/bookV?seq=5882740
66,67,67,부자 아빠 가난한 아빠 :20주년 특별 기념판 ,지은이: 로버트 기요사키 ;옮긴이: 안진환,민음인,2018,9791158883591,03320,,327.04,사회과학 > 경제학 > 금융,820,http://image.aladin.co.kr/product/13492/56/cover/k162532501_1.jpg,https://data4library.kr/bookV?seq=3701374
67,68,68,작별하지 않는다 :한강 장편소설 ,지은이: 한강,문학동네,2021,9788954682152,03810,,813.62,문학 > 한국문학 > 소설,819,https://image.aladin.co.kr/product/27877/5/cover/8954682154_1.jpg,https://data4library.kr/bookV?seq=6086446
68,69,69,행성어 서점 :김초엽 짧은 소설 ,지은이: 김초엽 ;그린이: 최인호,마음산책,2021,9788960907003,03810,,813.7,문학 > 한국문학 > 소설,818,https://image.aladin.co.kr/product/28219/93/cover/8960907006_1.jpg,https://data4library.kr/bookV?seq=6326208
69,70,70,용의자 X의 헌신 ,히가시노 게이고 지음 ;양억관 옮김,재인,2017,9788990982704,03830,,833.6,문학 > 일본문학 > 소설,810,https://bookthumb-phinf.pstatic.net/cover/124/818/12481857.jpg?type=m1&udate=20170914,https://data4library.kr/bookV?seq=3541024
70,71,71,팩트풀니스 :우리가 세상을 오해하는 10가지 이유와 세상이 생각보다 괜찮은 이유 ,"지은이: 한스 로슬링,옮긴이: 이창신",김영사,2019,9788934985068,03300,,331.1,"사회과학 > 사회학, 사회문제 > 사회학",800,https://image.aladin.co.kr/product/18456/45/cover/8934985062_1.jpg,https://data4library.kr/bookV?seq=5371595
71,72,72,철학은 어떻게 삶의 무기가 되는가 :불확실한 삶을 돌파하는 50가지 생각 도구 ,야마구치 슈 지음 ;김윤경 옮김,다산북스,2019,9791130620459,03100,,100,철학 > 철학 > 철학,792,https://image.aladin.co.kr/product/17942/89/cover/k862534136_1.jpg,https://data4library.kr/bookV?seq=5357487
72,73,73,언스크립티드 :부의 추월차선 완결판 ,엠제이 드마코 지음 ;안시열 옮김,토트,2018,9791187444213,13320,,325.211,사회과학 > 경제학 > 경영관리,786,http://image.aladin.co.kr/product/12926/54/cover/k702532384_1.jpg,https://data4library.kr/bookV?seq=3690012
73,74,74,7년의 밤 :정유정 장편소설 ,지은이: 정유정,은행나무,2011,9788956604992,03810,,813.7,문학 > 한국문학 > 소설,779,http://image.aladin.co.kr/product/14712/55/cover/k202532053_1.jpg,https://data4library.kr/bookV?seq=1153285
74,75,75,노랜드 :천선란 소설집 ,지은이: 천선란,한겨레엔,2022,9791160404944,03810,,813.7,문학 > 한국문학 > 소설,778,https://image.aladin.co.kr/product/29647/97/cover/k862838785_1.jpg,https://data4library.kr/bookV?seq=6482649
75,76,76,돌이킬 수 없는 약속 :야쿠마루 가쿠 장편소설 ,저자: 야쿠마루 가쿠 ;옮긴이: 김성미,Book plaza(북플라자),2017,9788998274795,03830,,833.6,문학 > 일본문학 > 소설,775,http://image.aladin.co.kr/product/10174/56/cover/s572533950_1.jpg,https://data4library.kr/bookV?seq=3411733
76,77,77,여름의 빌라 :백수린 소설 ,지은이: 백수린,문학동네,2020,9788954673105,03810,,813.7,문학 > 한국문학 > 소설,771,https://image.aladin.co.kr/product/24489/98/cover/8954673104_1.jpg,https://data4library.kr/bookV?seq=5703910
77,78,78,튜브 :손원평 장편소설 ,지은이: 손원평,창비,2022,9788936434625,03810,,813.7,문학 > 한국문학 > 소설,768,https://image.aladin.co.kr/product/29807/65/cover/8936434624_1.jpg,https://data4library.kr/bookV?seq=6519670
78,79,79,하얼빈 :김훈 장편소설 ,지은이: 김훈,문학동네,2022,9788954699914,03810,,813.62,문학 > 한국문학 > 소설,760,https://image.aladin.co.kr/product/29857/0/cover/895469991x_1.jpg,https://data4library.kr/bookV?seq=6529620
79,80,80,랑과 나의 사막 :천선란 소설 ,지은이: 천선란,H(현대문학),2022,9791167901354,04810,,813.7,문학 > 한국문학 > 소설,754,https://image.aladin.co.kr/product/30395/18/cover/k572830160_1.jpg,https://data4library.kr/bookV?seq=6580839
80,81,81,우울할 땐 뇌과학 ,앨릭스 코브 지음 ;정지인 옮김,푸른숲,2018,9791156757344,03180,,513.8525,기술과학 > 의학 > 내과학,742,http://image.aladin.co.kr/product/13494/71/cover/k052532504_2.jpg,https://data4library.kr/bookV?seq=3701387
81,82,82,파친코 :이민진 장편소설,이민진 지음 ;이미정 옮김,문학사상,2018,9788970129822,04840,2,843.6,문학 > 영미문학 > 소설,739,https://bookthumb-phinf.pstatic.net/cover/134/282/13428213.jpg?type=m1&udate=20180331,https://data4library.kr/bookV?seq=3723461
82,83,83,인간 실격,다자이 오사무 지음;김춘미 옮김,민음사,2004,9788937461033,04830,103,833.6,문학 > 일본문학 > 소설,738,https://bookthumb-phinf.pstatic.net/cover/001/510/00151055.jpg?type=m1&udate=20130129,https://data4library.kr/bookV?seq=2376187
83,84,84,유령의 마음으로 :임선우 소설집 ,지은이: 임선우,민음사,2022,9788937442698,03810,,813.7,문학 > 한국문학 > 소설,733,https://image.aladin.co.kr/product/29154/60/cover/8937442698_1.jpg,https://data4library.kr/bookV?seq=6431218
84,85,84,어떤 물질의 사랑 :천선란 소설집 ,지은이: 천선란,아작,2020,9791165508340,03810,,813.7,문학 > 한국문학 > 소설,733,https://image.aladin.co.kr/product/24605/89/cover/k532631174_1.jpg,https://data4library.kr/bookV?seq=5708343
85,86,86,왜 나는 너를 사랑하는가,알랭 드 보통 [지음];정영목 옮김,청미래,2007,9788986836240,03840,,843,문학 > 영미문학 > 소설,728,https://bookthumb-phinf.pstatic.net/cover/030/257/03025716.jpg?type=m1&udate=20180227,https://data4library.kr/bookV?seq=2130072
86,87,87,대도시의 사랑법 :박상영 연작소설 ,지은이: 박상영,창비,2019,9788936437978,03810,,813.7,문학 > 한국문학 > 소설,727,https://image.aladin.co.kr/product/19543/91/cover/8936437976_1.jpg,https://data4library.kr/bookV?seq=5435897
87,88,88,데미안 ,지은이: 헤르만 헤세 ;옮긴이: 전영애,민음사,2000,9788937460449,04850,44,853,문학 > 독일문학 > 소설,719,https://bookthumb-phinf.pstatic.net/cover/000/051/00005186.jpg?type=m1&udate=20160509,https://data4library.kr/bookV?seq=2374415
88,89,89,저주토끼 (리커버),정보라 (지은이),아작,2022,9791166686665,,,, >  > ,717,https://image.aladin.co.kr/product/29084/68/cover/k122836656_1.jpg,https://data4library.kr/bookV?seq=6424905
89,90,90,애쓰지 않아도 :최은영 짧은 소설 ,지은이: 최은영 ;그린이: 김세희,마음산책,2022,9788960907348,03810,,813.7,문학 > 한국문학 > 소설,712,https://image.aladin.co.kr/product/29377/31/cover/8960907340_1.jpg,https://data4library.kr/bookV?seq=6453102
90,91,91,"오늘 밤, 세계에서 이 눈물이 사라진다 해도 ",이치조 미사키 지음 ;김윤경 옮김,바이포엠 스튜디오,2022,9791191043976,03830,,833.6,문학 > 일본문학 > 소설,708,https://bookthumb-phinf.pstatic.net/cover/225/848/22584874.jpg?type=m1&udate=20220714,https://data4library.kr/bookV?seq=6520904
91,92,92,지적 대화를 위한 넓고 얕은 지식 0 :지혜를 찾아 138억 년을 달리는 시간 여행서 ,채사장 지음,Whale Books(웨일북),2019,9791190313131,03100,,001.3,"총류 > 총류 > 지식, 학문 일반",707,https://image.aladin.co.kr/product/21984/15/cover/k622636607_2.jpg,https://data4library.kr/bookV?seq=5534696
92,93,93,아라의 소설 :정세랑 미니픽션 ,지은이: 정세랑,안온(안온북스),2022,9791197873065,03810,,813.7,문학 > 한국문학 > 소설,704,https://image.aladin.co.kr/product/29980/87/cover/k172838246_1.jpg,https://data4library.kr/bookV?seq=6543167
93,94,94,기분이 태도가 되지 않게 :기분 따라 행동하다 손해 보는 당신을 위한 심리 수업 ,레몬심리 지음 ;박영란 옮김,웅진씽크빅,2020,9788901243658,03180,,181.71,철학 > 심리학 > 각론,678,https://image.aladin.co.kr/product/24368/89/cover/8901243652_1.jpg,https://data4library.kr/bookV?seq=5698929
94,95,95,"자존감 수업 :하루에 하나, 나를 사랑하게 되는 자존감 회복 훈련 ",윤홍균 지음,심플라이프,2016,9791186757093,03190,,182.1,철학 > 심리학 > 차이심리학,677,http://image.aladin.co.kr/product/8679/31/cover/k372535696_1.jpg,https://data4library.kr/bookV?seq=3320490
95,96,144,트렌드 코리아 2023 :더 높은 도약을 준비하는 검은 토끼의 해 ,"지은이: 김난도,추예린",미래의창,2022,9788959897094,13320,,320.911,사회과학 > 경제학 > 경제학,561,https://image.aladin.co.kr/product/30169/22/cover/8959897094_2.jpg,https://data4library.kr/bookV?seq=6562784
96,97,97,이어령의 마지막 수업 ,김지수 지음,열림원,2021,9791170400523,03100,,199.1,"철학 > 윤리학, 도덕철학 > 도덕훈, 교훈",671,https://image.aladin.co.kr/product/28212/10/cover/k762835176_2.jpg,https://data4library.kr/bookV?seq=6326227
97,98,98,당신은 결국 무엇이든 해내는 사람 :김상현 에세이 ,지은이: 김상현,필름(필름출판사),2022,9791188469994,03810,,818,문학 > 한국문학 > 르포르타주 및 기타,663,https://image.aladin.co.kr/product/29234/19/cover/k572837292_1.jpg,https://data4library.kr/bookV?seq=6441556
98,99,99,달까지 가자 :장류진 장편소설 ,지은이: 장류진,창비,2021,9788936434496,03810,,813.7,문학 > 한국문학 > 소설,657,https://image.aladin.co.kr/product/25967/86/cover/k122737220_1.jpg,https://data4library.kr/bookV?seq=5957041
99,100,100,"총, 균, 쇠 :무기, 병균, 금속 은 인류 의 운명 을 어떻게 바꿨는가 ",재레드 다이아몬드 지음 ;김진준 옮김,문학사상,2012,9788970127248,03900,,389,"사회과학 > 풍속, 민속학 > 민족학",655,http://image.aladin.co.kr/product/61/50/cover/8970127240_2.jpg,https://data4library.kr/bookV?seq=954778
100,101,101,코스모스 :특별판 ,칼 세이건 지음 ;홍승수 옮김,사이언스북스,2006,9788983711892,03400,,443.1,자연과학 > 천문학 > 기술천문학,654,http://image.aladin.co.kr/product/87/9/cover/8983711892_2.jpg,https://data4library.kr/bookV?seq=2083728
101,102,102,나인 :천선란 장편소설 ,지은이: 천선란,창비,2021,9788936438609,03810,,813.7,문학 > 한국문학 > 소설,653,https://image.aladin.co.kr/product/28218/87/cover/8936438603_1.jpg,https://data4library.kr/bookV?seq=6326210
102,103,102,부의 추월차선 :부자들이 말해 주지 않는 진정한 부를 얻는 방법 ,엠제이 드마코 지음 ;신소영 옮김,북새통,2013,9788994702346,13320,,327.04,사회과학 > 경제학 > 금융,653,https://bookthumb-phinf.pstatic.net/cover/072/907/07290748.jpg?type=m1&udate=20130828,https://data4library.kr/bookV?seq=1967528
103,104,104,정의란 무엇인가 ,지은이: 마이클 샌델 ;옮긴이: 김명철,미래엔,2014,9788937834790,03300,,193,"철학 > 윤리학, 도덕철학 > 국가 및 정치윤리",647,http://image.aladin.co.kr/product/10826/23/cover/k742530554_1.jpg,https://data4library.kr/bookV?seq=2763903
104,105,104,기분을 관리하면 인생이 관리된다 :김다슬 에세이 ,지은이: 김다슬,클라우디아,2022,9791196617127,13810,,818,문학 > 한국문학 > 르포르타주 및 기타,647,https://image.aladin.co.kr/product/29206/93/cover/k922837381_1.jpg,https://data4library.kr/bookV?seq=6438962
105,106,106,날씨가 좋으면 찾아가겠어요 :이도우 장편소설 ,지은이: 이도우,시공사,2018,9788952791160,04810,,813.7,문학 > 한국문학 > 소설,636,https://image.aladin.co.kr/product/15411/84/cover/8952791169_1.jpg,https://data4library.kr/bookV?seq=3793737
106,107,107,레버리지 :자본주의 속에 숨겨진 부의 비밀 ,롭 무어 지음 ;김유미 옮김,다산북스,2017,9791130612249,13320,,327.04,사회과학 > 경제학 > 금융,635,http://image.aladin.co.kr/product/15652/85/cover/k212533034_1.jpg,https://data4library.kr/bookV?seq=3437844
107,108,108,친밀한 이방인 :정한아 장편소설 ,지은이: 정한아,문학동네,2017,9788954648523,03810,,813.7,문학 > 한국문학 > 소설,630,https://image.aladin.co.kr/product/11945/32/cover/8954648525_1.jpg,https://data4library.kr/bookV?seq=3630749
108,109,109,지구인만큼 지구를 사랑할 순 없어 :정세랑 에세이 ,지은이: 정세랑,위즈덤하우스,2021,9791191583793,03810,,816.7,"문학 > 한국문학 > 일기, 서간, 기행",628,https://image.aladin.co.kr/product/27318/46/cover/k272732228_2.jpg,https://data4library.kr/bookV?seq=6001331
109,110,110,우리는 여전히 삶을 사랑하는가 ,지은이: 에리히 프롬 ;옮긴이: 장혜경,김영사,2022,9788934949671,03180,,181.71,철학 > 심리학 > 각론,627,https://image.aladin.co.kr/product/28784/70/cover/8934949678_1.jpg,https://data4library.kr/bookV?seq=6398890
110,111,111,므레모사 :김초엽 소설 ,지은이: 김초엽,H(현대문학),2021,9791167900821,04810,,813.7,문학 > 한국문학 > 소설,626,https://image.aladin.co.kr/product/28554/97/cover/k162835148_1.jpg,https://data4library.kr/bookV?seq=6368074
111,112,116,지적 대화를 위한 넓고 얕은 지식,채사장 지음,한빛비즈,2014,9788994120966,13100,1,001.3,"총류 > 총류 > 지식, 학문 일반",616,https://bookthumb-phinf.pstatic.net/cover/084/030/08403038.jpg?type=m1&udate=20171223,https://data4library.kr/bookV?seq=2396928
112,113,113,역사의 쓸모 :자유롭고 떳떳한 삶을 위한 22가지 통찰 ,최태성 지음,다산북스,2019,9791130621968,03900,,904,"역사 > 역사 > 강연집, 사평",623,https://image.aladin.co.kr/product/19433/93/cover/k152635416_1.jpg,https://data4library.kr/bookV?seq=5428401
113,114,114,언어의 온도 :말과 글에는 나름의 따뜻함과 차가움이 있다 ,지은이: 이기주,말글터,2016,9791195522125,03810,,818,문학 > 한국문학 > 르포르타주 및 기타,619,http://image.aladin.co.kr/product/14842/6/cover/k742532452_1.jpg,https://data4library.kr/bookV?seq=3278940
114,115,115,가재가 노래하는 곳 :델리아 오언스 장편소설 ,지은이: 델리아 오언스 ;옮긴이: 김선형,살림출판사,2019,9788952240569,03840,,843.6,문학 > 영미문학 > 소설,618,https://image.aladin.co.kr/product/19469/77/cover/8952240561_2.jpg,https://data4library.kr/bookV?seq=5429697
115,116,116,비행운 :김애란 소설집 ,지은이: 김애란,문학과지성사,2012,9788932023151,03810,,813.7,문학 > 한국문학 > 소설,616,http://image.aladin.co.kr/product/1801/21/cover/8932023158_1.jpg,https://data4library.kr/bookV?seq=1855307
116,117,116,지적 대화를 위한 넓고 얕은 지식,채사장 지음,한빛비즈,2014,9788994120966,13100,1,001.3,"총류 > 총류 > 지식, 학문 일반",616,https://bookthumb-phinf.pstatic.net/cover/084/030/08403038.jpg?type=m1&udate=20171223,https://data4library.kr/bookV?seq=2396928
117,118,118,프레임 :나를 바꾸는 심리학의 지혜 ,최인철 지음,21세기북스(북이십일 21세기북스),2016,9788950966447,03320,,189,철학 > 심리학 > 응용심리학 일반,615,https://bookthumb-phinf.pstatic.net/cover/110/066/11006642.jpg?type=m1&udate=20180728,https://data4library.kr/bookV?seq=3347321
118,119,119,파과 :구병모 장편소설 ,지은이: 구병모,자음과모음,2013,9788957077740,03810,,813.7,문학 > 한국문학 > 소설,612,https://bookthumb-phinf.pstatic.net/cover/072/689/07268920.jpg?type=m1&udate=20150801,https://data4library.kr/bookV?seq=1962669
119,120,120,지적 대화를 위한 넓고 얕은 지식,채사장 지음,한빛비즈,2015,9788994120997,13100,2,001.3,"총류 > 총류 > 지식, 학문 일반",608,https://bookthumb-phinf.pstatic.net/cover/086/571/08657103.jpg?type=m1&udate=20171111,https://data4library.kr/bookV?seq=2396939
120,121,121,데일 카네기 인간관계론 ,데일 카네기 지음 ;임상훈 옮김,현대지성,2019,9791187142560,03320,,331.18,"사회과학 > 사회학, 사회문제 > 사회학",607,https://image.aladin.co.kr/product/20945/79/cover/k032636279_1.jpg,https://data4library.kr/bookV?seq=5484946
121,122,122,옥상에서 만나요 :정세랑 소설집 ,지은이: 정세랑,창비,2018,9788936437534,03810,,813.7,문학 > 한국문학 > 소설,604,https://image.aladin.co.kr/product/16234/13/cover/8936437534_1.jpg,https://data4library.kr/bookV?seq=5232202
122,123,123,참을 수 없는 존재의 가벼움 ,지은이: 밀란 쿤데라 ;옮긴이: 이재룡,민음사,2018,9788937437564,03860,,892.96,문학 > 기타 제문학 > 인도-유럽계문학,603,http://image.aladin.co.kr/product/15251/16/cover/8937437562_1.jpg,https://data4library.kr/bookV?seq=3788932
123,124,124,내가 되는 꿈 :최진영 장편소설 ,지은이: 최진영,H(현대문학),2021,9791190885621,04810,,813.7,문학 > 한국문학 > 소설,598,https://image.aladin.co.kr/product/26021/21/cover/k892738836_1.jpg,https://data4library.kr/bookV?seq=5928142
124,125,125,내가 알고 있는 걸 당신도 알게 된다면 :전세계가 주목한 코넬대학교의 인류 유산 프로젝트 ,칼 필레머 지음 ;박여진 옮김,토네이도미디어그룹,2012,9788994013503,03320,,331.23,"사회과학 > 사회학, 사회문제 > 사회학",596,http://image.aladin.co.kr/product/1672/10/cover/8994013504_2.jpg,https://data4library.kr/bookV?seq=1841666
125,126,125,봉제인형 살인사건 :다니엘 콜 장편소설 ,저자: 다니엘 콜 ;옮긴이: 유혜인,Book plaza(북플라자),2017,9788998274931,03840,,843.6,문학 > 영미문학 > 소설,596,https://image.aladin.co.kr/product/11997/87/cover/8998274930_1.jpg,https://data4library.kr/bookV?seq=3649594
126,127,127,떨림과 울림 :물리학자 김상욱이 바라본 우주와 세계 그리고 우리 ,김상욱 지음,동아시아,2018,9788962622508,03400,,420.04,자연과학 > 물리학 > 물리학,595,https://image.aladin.co.kr/product/17299/89/cover/8962622505_1.jpg,https://data4library.kr/bookV?seq=5231590
127,128,127,"여기는 커스터드, 특별한 도시락을 팝니다 ",가토 겐 지음 ;양지윤 옮김,필름(필름 출판사),2022,9791192403076,03830,,833.6,문학 > 일본문학 > 소설,595,https://image.aladin.co.kr/product/29782/66/cover/k452838501_1.jpg,https://data4library.kr/bookV?seq=6513281
128,129,129,H마트에서 울다 ,미셸 자우너 지음 ;정혜윤 옮김,문학동네,2022,9788954683371,03840,,848,문학 > 영미문학 > 르포르타주 및 기타,594,https://image.aladin.co.kr/product/28962/10/cover/8954683371_1.jpg,https://data4library.kr/bookV?seq=6412735
129,130,130,신경 끄기의 기술 :인생에서 가장 중요한것만 남기는 힘 ,마크 맨슨 지음 ;한재호 옮김,웅진씽크빅,2017,9788901219943,03190,,199.1,"철학 > 윤리학, 도덕철학 > 도덕훈, 교훈",593,https://image.aladin.co.kr/product/12005/79/cover/8901219948_1.jpg,https://data4library.kr/bookV?seq=3649711
130,131,131,마법소녀 은퇴합니다 :박서련 소설 ,지은이: 박서련,창비,2022,9788936438739,03810,,813.7,문학 > 한국문학 > 소설,592,https://image.aladin.co.kr/product/29250/64/cover/8936438735_1.jpg,https://data4library.kr/bookV?seq=6442398
131,132,132,테라피스트 :B.A. 패리스 장편소설 ,지은이: B.A. 패리스 ;옮긴이: 박설영,바이포엠,2021,9791191043518,03840,,843.6,문학 > 영미문학 > 소설,591,https://image.aladin.co.kr/product/28446/67/cover/k512835515_1.jpg,https://data4library.kr/bookV?seq=6357174
132,133,133,여덟 단어 :인생을 대하는 우리의 자세 ,박웅현 지음,북하우스 퍼블리셔스,2013,9788956056531,03810,,818,문학 > 한국문학 > 르포르타주 및 기타,589,https://bookthumb-phinf.pstatic.net/cover/072/024/07202413.jpg?type=m1&udate=20140911,https://data4library.kr/bookV?seq=1940355
133,134,133,인생의 역사 :신형철 시화 ,지은이: 신형철,난다,2022,9791191859379,03810,,809.1,"문학 > 문학 > 문학사, 평론",589,https://image.aladin.co.kr/product/30328/61/cover/k362839230_1.jpg,https://data4library.kr/bookV?seq=6575295
134,135,135,책들의 부엌 :김지혜 장편소설 ,지은이: 김지혜,팩토리나인,2022,9791165345204,03810,,813.7,문학 > 한국문학 > 소설,585,https://image.aladin.co.kr/product/29403/8/cover/k162837610_1.jpg,https://data4library.kr/bookV?seq=6455241
135,136,136,젊은 ADHD의 슬픔 :정지음 에세이 ,지은이: 정지음,민음사,2021,9788937472114,03810,,513.854904,기술과학 > 의학 > 내과학,584,https://image.aladin.co.kr/product/27432/73/cover/8937472112_1.jpg,https://data4library.kr/bookV?seq=6039548
136,137,136,1차원이 되고 싶어 :박상영 장편소설 ,지은이: 박상영,문학동네,2021,9788954682749,03810,,813.7,문학 > 한국문학 > 소설,584,https://image.aladin.co.kr/product/28031/82/cover/895468274x_1.jpg,https://data4library.kr/bookV?seq=6309156
137,138,138,잘될 수밖에 없는 너에게 :최서영 에세이 ,지은이: 최서영,북로망스,2022,9791191891201,03810,,818,문학 > 한국문학 > 르포르타주 및 기타,581,https://image.aladin.co.kr/product/29965/14/cover/k532838243_1.jpg,https://data4library.kr/bookV?seq=6542482
138,139,139,"인스타 브레인 =몰입을 빼앗긴 시대, 똑똑한 뇌 사용법 /Insta brain ",안데르스 한센 지음 ;김아영 옮김,동양북스,2020,9791157686179,03180,,511.1813,기술과학 > 의학 > 기초의학,580,https://image.aladin.co.kr/product/23973/11/cover/k422639014_1.jpg,https://data4library.kr/bookV?seq=5662297
139,140,140,죽고 싶지만 떡볶이는 먹고 싶어 :백세희 에세이 ,지은이: 백세희,흔,2018,9791196394509,03810,,818,문학 > 한국문학 > 르포르타주 및 기타,579,https://image.aladin.co.kr/product/15136/29/cover/k962533360_1.jpg,https://data4library.kr/bookV?seq=3768386
140,141,141,이기적 유전자 ,리처드 도킨스 지음 ;이상임 옮김,을유문화사,2018,9788932473901,03470,,491.51,자연과학 > 동물학 > 일반 동물학,577,https://image.aladin.co.kr/product/17048/25/cover/8932473900_1.jpg,https://data4library.kr/bookV?seq=3921678
141,142,142,웰씽킹 =부를 창조하는 생각의 뿌리 /Wealthinking ,켈리 최 지음,다산북스,2021,9791130677774,03190,,325.211,사회과학 > 경제학 > 경영관리,569,https://image.aladin.co.kr/product/28273/37/cover/k852835990_1.jpg,https://data4library.kr/bookV?seq=6332829
142,143,143,파친코 :이민진 장편소설 ,지은이: 이민진 ;옮긴이: 신승미,인플루엔셜,2022,9791168340510,04840,1,843.6,문학 > 영미문학 > 소설,565,https://image.aladin.co.kr/product/29496/39/cover/k202838509_2.jpg,https://data4library.kr/bookV?seq=6512857
143,144,144,동급생 ,프레드 울만 지음 ;황보석 옮김,열린책들,2017,9788932918143,03840,,843.5,문학 > 영미문학 > 소설,561,http://image.aladin.co.kr/product/10217/55/cover/8932918147_1.jpg,https://data4library.kr/bookV?seq=3412255
144,145,144,트렌드 코리아 2023 :더 높은 도약을 준비하는 검은 토끼의 해 ,"지은이: 김난도,추예린",미래의창,2022,9788959897094,13320,,320.911,사회과학 > 경제학 > 경제학,561,https://image.aladin.co.kr/product/30169/22/cover/8959897094_2.jpg,https://data4library.kr/bookV?seq=6562784
145,146,146,라플라스의 마녀 :히가시노 게이고 장편소설 ,지은이: 히가시노 게이고 ;옮긴이: 양윤옥,현대문학,2016,9788972757573,03830,,833.6,문학 > 일본문학 > 소설,560,http://image.aladin.co.kr/product/7288/55/cover/8972757578_1.jpg,https://data4library.kr/bookV?seq=3107992
146,147,146,"그릿 :IQ, 재능, 환경을 뛰어넘는 열정적 끈기의 힘 ",앤절라 더크워스 지음 ;김미정 옮김,비즈니스북스,2016,9791186805398,03190,,325.211,사회과학 > 경제학 > 경영관리,560,https://bookthumb-phinf.pstatic.net/cover/111/660/11166008.jpg?type=m1&udate=20171115,https://data4library.kr/bookV?seq=3355591
147,148,148,아비투스 :인간의 품격을 결정하는 7가지 자본 ,도리스 메르틴 지음 ;배명자 옮김,다산북스,2020,9791130630762,03300,,325.211,사회과학 > 경제학 > 경영관리,559,https://bookthumb-phinf.pstatic.net/cover/164/403/16440333.jpg?type=m1&udate=20200801,https://data4library.kr/bookV?seq=5733967
148,149,149,방구석 미술관 :가볍고 편하게 시작하는 유쾌한 교양 미술 ,조원재 지음,백도씨,2018,9788968331862,03600,,650.4,"예술 > 회화, 도화 > 회화, 도화",555,https://bookthumb-phinf.pstatic.net/cover/138/339/13833956.jpg?type=m1&udate=20180803,https://data4library.kr/bookV?seq=3858776
149,150,150,돈은 좋지만 재테크는 겁나는 너에게 ,뿅글이 지음,첨단,2023,9788960306134,03320,,327.04,사회과학 > 경제학 > 금융,553,https://image.aladin.co.kr/product/30921/24/cover/8960306134_2.jpg,https://data4library.kr/bookV?seq=6627400
150,151,151,지적 대화를 위한 넓고 얕은 지식 :한 권으로 현실을 통찰하게 하는 지식 여행서,채사장 지음,Whale Books(웨일북),2020,9791190313193,03100,2,001.3,"총류 > 총류 > 지식, 학문 일반",550,https://image.aladin.co.kr/product/22872/85/cover/k912636841_1.jpg,https://data4library.kr/bookV?seq=5584763
151,152,152,마지막 몰입 :나를 넘어서는 힘 ,짐 퀵 지음 ;김미정 옮김,비즈니스북스,2021,9791162541968,03190,,325.211,사회과학 > 경제학 > 경영관리,549,https://image.aladin.co.kr/product/26400/21/cover/k152738321_1.jpg,https://data4library.kr/bookV?seq=5861284
152,153,153,브로콜리 펀치 :이유리 소설집 ,지은이: 이유리,문학과지성사,2021,9788932039114,03810,,813.7,문학 > 한국문학 > 소설,548,https://image.aladin.co.kr/product/28210/51/cover/8932039119_1.jpg,https://data4library.kr/bookV?seq=6326236
153,154,153,(비전공자를 위한 이해할 수 있는) IT 지식 ,최원영 지음,T.W.I.G(티더블유아이지),2020,9791196918033,13000,,004,총류 > 총류 > 전산학,548,https://image.aladin.co.kr/product/24606/45/cover/k662631176_1.jpg,https://data4library.kr/bookV?seq=5708360
154,155,155,백광 :렌조 미키히코 장편소설 ,지은이: 렌조 미키히코 ;옮긴이: 양윤옥,바이포엠 스튜디오,2022,9791191043617,03830,,833.6,문학 > 일본문학 > 소설,545,https://image.aladin.co.kr/product/28875/60/cover/k652836302_2.jpg,https://data4library.kr/bookV?seq=6402711
155,156,156,프리즘 :손원평 장편소설 ,지은이: 손원평,은행나무,2020,9791191071030,03810,,813.7,문학 > 한국문학 > 소설,542,https://image.aladin.co.kr/product/25044/86/cover/k782632029_1.jpg,https://data4library.kr/bookV?seq=5747854
156,157,157,빠르게 실패하기 :20년간 진행된 스탠퍼드대학교 <인생 성장 프로젝트> 천 개의 성공을 만든 작은 행동의 힘 ,"존 크럼볼츠,도연 옮김",Snowfox(스노우폭스북스),2022,9791191769203,03190,,325.211,사회과학 > 경제학 > 경영관리,539,https://image.aladin.co.kr/product/30070/40/cover/k892839663_1.jpg,https://data4library.kr/bookV?seq=6555034
157,158,158,불안 ,지은이: 알랭 드 보통 ;정영목 옮김,은행나무,2012,9788956605593,03840,,332.6,"사회과학 > 사회학, 사회문제 > 사회조직 및 제도",538,https://bookthumb-phinf.pstatic.net/cover/067/930/06793081.jpg?type=m1&udate=20171011,https://data4library.kr/bookV?seq=1226611
158,159,159,공간의 미래 :코로나가 가속화시킨 공간 변화 ,유현준 지음,을유문화사,2021,9788932474427,03540,,540.04,기술과학 > 건축공학 > 건축공학,536,https://image.aladin.co.kr/product/26915/9/cover/8932474427_1.jpg,https://data4library.kr/bookV?seq=5959280
159,160,160,노르웨이의 숲 =Norwegian wood ,지은이: 무라카미 하루키 ;옮긴이: 양억관,민음사,2017,9788937434488,03830,,833.6,문학 > 일본문학 > 소설,535,https://bookthumb-phinf.pstatic.net/cover/124/287/12428742.jpg?type=m1&udate=20170930,https://data4library.kr/bookV?seq=3535735
160,161,160,내가 틀릴 수도 있습니다 =숲속의 현자가 전하는 마지막 인생수업 /I may be wrong ,비욘 나티코 린데블라드 지음 ;박미경 옮김,다산북스,2022,9791130689890,03100,,220.4,종교 > 불교 > 불교,535,https://image.aladin.co.kr/product/29269/12/cover/k822837807_1.jpg,https://data4library.kr/bookV?seq=6445483
161,162,162,센 강의 이름 모를 여인 :기욤 뮈소 장편소설 ,지은이: 기욤 뮈소 ;옮긴이: 양영란,밝은세상,2022,9788984374386,03860,,863,문학 > 프랑스문학 > 소설,532,https://image.aladin.co.kr/product/28676/55/cover/8984374385_1.jpg,https://data4library.kr/bookV?seq=6388992
162,163,163,슬픔을 공부하는 슬픔 :신형철 산문 ,지은이: 신형철,한겨레출판,2018,9791160401967,03810,,814.7,문학 > 한국문학 > 수필,530,https://image.aladin.co.kr/product/16234/14/cover/k322534566_1.jpg,https://data4library.kr/bookV?seq=3901754
163,164,164,나는 나로 살기로 했다 :냉담한 현실에서 어른살이를 위한 to do list ,글·그림: 김수현,마음의숲,2016,9791187119845,03810,,818,문학 > 한국문학 > 르포르타주 및 기타,525,http://image.aladin.co.kr/product/16751/86/cover/k642534567_2.jpg,https://data4library.kr/bookV?seq=3395679
164,165,165,멘탈을 바꿔야 인생이 바뀐다 :나의 잠재력을 최대로 끌어올려 100% 성공하는 삶을 사는 방법 ,박세니 지음,바이포엠 스튜디오,2022,9791191043761,03190,,325.211,사회과학 > 경제학 > 경영관리,523,https://image.aladin.co.kr/product/29307/68/cover/k732837606_2.jpg,https://data4library.kr/bookV?seq=6450204
165,166,166,더 셜리 클럽 :박서련 장편소설 ,지은이: 박서련,민음사,2020,9788937473296,04810,,813.7,문학 > 한국문학 > 소설,522,https://image.aladin.co.kr/product/24944/10/cover/8937473291_1.jpg,https://data4library.kr/bookV?seq=5744567
166,167,166,상실의 시대 :무라카미 하루키 장편소설 ,지은이: 무라카미 하루키 ;옮긴이: 유유정,문학사상,2011,9788970123691,03830,,833.6,문학 > 일본문학 > 소설,522,https://bookthumb-phinf.pstatic.net/cover/000/203/00020349.jpg?type=m1&udate=20120904,https://data4library.kr/bookV?seq=863463
167,168,168,1Q84 :무라카미 하루키 장편소설,지은이: 무라카미 하루키 ;옮긴이: 양윤옥,문학동네,,9788954608640,04830,1,833.6,문학 > 일본문학 > 소설,519,https://bookthumb-phinf.pstatic.net/cover/060/537/06053729.jpg?type=m1&udate=20130406,https://data4library.kr/bookV?seq=2370295
168,169,168,책과 우연들 ,지은이: 김초엽,열림원,2022,9791170401421,03810,,814.7,문학 > 한국문학 > 수필,519,https://image.aladin.co.kr/product/30169/22/cover/k662839585_1.jpg,https://data4library.kr/bookV?seq=6562783
169,170,170,명랑한 은둔자 ,지은이: 캐럴라인 냅 ;옮긴이: 김명남,바다출판사,2020,9791189932671,03840,,844,문학 > 영미문학 > 수필,512,https://image.aladin.co.kr/product/25072/55/cover/k332632851_1.jpg,https://data4library.kr/bookV?seq=5749164
170,171,171,오베라는 남자 :프레드릭 배크만 장편소설 ,지은이: 프레드릭 배크만 ;옮긴이: 최민우,다산북스,2015,9791130605210,03850,,859.7,문학 > 독일문학 > 기타 게르만 문학,509,https://bookthumb-phinf.pstatic.net/cover/090/537/09053751.jpg?type=m1&udate=20180717,https://data4library.kr/bookV?seq=2396935
171,172,172,데일 카네기 자기관리론 ,데일 카네기 지음 ;임상훈 옮김,현대지성,2021,9791191280333,03320,,189,철학 > 심리학 > 응용심리학 일반,507,https://image.aladin.co.kr/product/26057/28/cover/k432737052_1.jpg,https://data4library.kr/bookV?seq=5849800
172,173,173,"정리하는 뇌 :디지털 시대, 정보와 선택 과부하로 뒤엉킨 머릿속과 일상을 정리하는 기술 ",대니얼 J. 레비틴 지음 ;김성훈 옮김,미래엔,2014,9788937837654,03180,,181.3,철학 > 심리학 > 각론,502,http://image.aladin.co.kr/product/6176/20/cover/893783765x_1.jpg,https://data4library.kr/bookV?seq=2646781
173,174,173,회색 인간 ,지은이: 김동식,요다,2017,9791196222628,04810,,813.7,문학 > 한국문학 > 소설,502,https://bookthumb-phinf.pstatic.net/cover/130/093/13009319.jpg?type=m1&udate=20180307,https://data4library.kr/bookV?seq=3680366
174,175,175,12가지 인생의 법칙 :혼돈의 해독제 ,조던 B. 피터슨 지음 ;강주헌 옮김,메이븐,2018,9791196067694,03180,,199.1,"철학 > 윤리학, 도덕철학 > 도덕훈, 교훈",501,https://image.aladin.co.kr/product/17215/26/cover/k442534993_1.jpg,https://data4library.kr/bookV?seq=5230775
175,176,176,어른의 어휘력 :말에 품격을 더하고 세상을 올바르게 이해하는 힘 ,유선경 지음,앤의서재,2020,9791190710053,03800,,802.5,"문학 > 문학 > 문장작법, 수사학",500,https://image.aladin.co.kr/product/24779/29/cover/k102631725_1.jpg,https://data4library.kr/bookV?seq=5731697
176,177,177,(나를 숨 쉬게 하는) 보통의 언어들 ,김이나 지음,위즈덤하우스,2020,9791190786355,03810,,818,문학 > 한국문학 > 르포르타주 및 기타,499,https://image.aladin.co.kr/product/24088/61/cover/k182639239_1.jpg,https://data4library.kr/bookV?seq=5671695
177,178,178,사랑의 기술 ,에리히 프롬 지음 ;황문수 옮김,문예출판사,2019,9788931011623,03180,,181.71,철학 > 심리학 > 각론,498,https://image.aladin.co.kr/product/20329/93/cover/8931011628_1.jpg,https://data4library.kr/bookV?seq=5463382
178,179,178,보건교사 안은영 :정세랑 장편소설 ,지은이: 정세랑,민음사,2015,9788937473098,04810,,813.7,문학 > 한국문학 > 소설,498,http://image.aladin.co.kr/product/7164/35/cover/8937473097_1.jpg,https://data4library.kr/bookV?seq=3113956
179,180,178,수상한 중고상점 :미치오 슈스케 장편소설 ,지은이: 미치오 슈스케 ;옮긴이: 김은모,다산북스,2022,9791130689241,03830,,833.6,문학 > 일본문학 > 소설,498,https://image.aladin.co.kr/product/29246/14/cover/k202837297_1.jpg,https://data4library.kr/bookV?seq=6442406
180,181,181,(오은영의) 화해 :상처받은 내면의 나와 마주하는 용기 ,오은영 지음,대성,2019,9788997396870,03180,,189.2,철학 > 심리학 > 응용심리학 일반,496,https://image.aladin.co.kr/product/17678/50/cover/8997396870_1.jpg,https://data4library.kr/bookV?seq=5343697
181,182,182,일인칭 단수 :무라카미 하루키 소설 ,지은이: 무라카미 하루키 ;옮긴이: 홍은주,문학동네,2020,9788954675987,03830,,833.6,문학 > 일본문학 > 소설,494,https://image.aladin.co.kr/product/25638/33/cover/8954675980_2.jpg,https://data4library.kr/bookV?seq=5814186
182,183,182,연금술사,파울로 코엘료 지음;최정수 옮김,문학동네,2001,9788982814471,03860,,879,문학 > 스페인문학 > 포르투갈문학,494,http://image.aladin.co.kr/product/30/73/cover/8982814477_2.jpg,https://data4library.kr/bookV?seq=126479
183,184,184,다섯 번째 감각 :김보영 소설집 ,지은이: 김보영,아작,2022,9791166686603,03810,,813.7,문학 > 한국문학 > 소설,490,https://image.aladin.co.kr/product/28736/71/cover/k442836780_1.jpg,https://data4library.kr/bookV?seq=6393113
184,185,185,아몬드 :손원평 장편소설 ,지은이: 손원평,창비,2017,9788936456788,43810,,813.7,문학 > 한국문학 > 소설,482,http://image.aladin.co.kr/product/10636/66/cover/8936456784_1.jpg,https://data4library.kr/bookV?seq=3428065
185,186,186,아가미 :구병모 장편소설 ,지은이: 구병모,자음과모음,2011,9788957075425,03810,,813.7,문학 > 한국문학 > 소설,479,http://image.aladin.co.kr/product/1103/66/cover/8957075429_1.jpg,https://data4library.kr/bookV?seq=1156213
186,187,187,나는 오래된 거리처럼 너를 사랑하고 :진은영 시집 ,지은이: 진은영,문학과지성사,2022,9788932040448,03810,,811.7,문학 > 한국문학 > 시,478,https://image.aladin.co.kr/product/30036/43/cover/8932040443_1.jpg,https://data4library.kr/bookV?seq=6551114
187,188,187,위저드 베이커리 =구병모 장편소설 /Wizard bakery ,지은이: 구병모,창비,2009,9788936433697,03810,,813.7,문학 > 한국문학 > 소설,478,http://image.aladin.co.kr/product/346/0/cover/8936433695_1.jpg,https://data4library.kr/bookV?seq=2314042
188,189,187,더 해빙 =부와 행운을 끌어당기는 힘 /The having ,"이서윤,홍주연 지음",수오서재,2020,9791190382175,03320,,325.2113,사회과학 > 경제학 > 경영관리,478,https://image.aladin.co.kr/product/23400/44/cover/k022637311_2.jpg,https://data4library.kr/bookV?seq=5607391
189,190,190,나주에 대하여 :김화진 소설 ,지은이: 김화진,문학동네,2022,9788954688994,03810,,813.7,문학 > 한국문학 > 소설,474,https://image.aladin.co.kr/product/30347/9/cover/8954688993_1.jpg,https://data4library.kr/bookV?seq=6577033
190,191,190,돈의 심리학 :당신은 왜 부자가 되지 못했는가 ,모건 하우절 지음 ;이지연 옮김,인플루엔셜,2021,9791191056372,03320,,327.04,사회과학 > 경제학 > 금융,474,https://image.aladin.co.kr/product/25967/85/cover/k412737326_1.jpg,https://data4library.kr/bookV?seq=5846583
191,192,192,게으른 완벽주의자를 위한 심리학 :미루기의 악순환에서 벗어나고 싶은 당신을 위한 심리 처방 ,헤이든 핀치 지음 ;이은정 옮김,시크릿하우스,2022,9791192312200,03180,,181.9,철학 > 심리학 > 각론,471,https://image.aladin.co.kr/product/29941/0/cover/k022838632_1.jpg,https://data4library.kr/bookV?seq=6541765
192,193,193,에고라는 적 :인생의 전환점에서 버려야 할 한 가지 ,라이언 홀리데이 지음 ;이경식 옮김,흐름출판,2017,9788965962090,03190,,189.1,철학 > 심리학 > 응용심리학 일반,466,http://image.aladin.co.kr/product/10603/67/cover/8965962099_1.jpg,https://data4library.kr/bookV?seq=3424500
193,194,193,미움받을 용기 :사랑과 진정한 자립에 대한 아들러의 가르침,"기시미 이치로,전경아 옮김",인플루엔셜,2016,9791186560129,03180,2,189.2,철학 > 심리학 > 응용심리학 일반,466,http://image.aladin.co.kr/product/8123/68/cover/k782434140_2.jpg,https://data4library.kr/bookV?seq=3139929
194,195,195,덧니가 보고 싶어 :정세랑 장편소설 ,지은이: 정세랑,난다,2019,9791188862375,03810,,813.7,문학 > 한국문학 > 소설,461,https://image.aladin.co.kr/product/21433/88/cover/k302636099_1.jpg,https://data4library.kr/bookV?seq=5515958
195,196,196,아주 오랜만에 행복하다는 느낌 :백수린 에세이 ,지은이: 백수린,창비,2022,9788936438869,03810,,814.7,문학 > 한국문학 > 수필,460,https://image.aladin.co.kr/product/30276/23/cover/8936438867_1.jpg,https://data4library.kr/bookV?seq=6571872
196,197,196,"나는 무조건 합격하는 공부만 한다 :26살, 9개월 만에 사법시험을 패스한 이윤규 변호사의 패턴 공부법 ",이윤규 지음,비즈니스북스,2019,9791162541210,03190,,373.4,"사회과학 > 교육학 > 학습지도, 교육방법",460,https://image.aladin.co.kr/product/22064/21/cover/k162636917_1.jpg,https://data4library.kr/bookV?seq=5543657
197,198,198,"총, 균, 쇠 ",재레드 다이아몬드 지음 ;김진준 옮김,문학사상,2013,9788970128856,03900,,389,"사회과학 > 풍속, 민속학 > 민족학",458,https://bookthumb-phinf.pstatic.net/cover/071/526/07152669.jpg?type=m1&udate=20171111,https://data4library.kr/bookV?seq=1926757
198,199,199,아홉수 가위 ,지은이: 범유진,안전가옥,2021,9791191193237,03810,,813.7,문학 > 한국문학 > 소설,456,https://image.aladin.co.kr/product/28163/59/cover/k112835963_1.jpg,https://data4library.kr/bookV?seq=6322770
199,200,200,"지리의 힘 :지리는 어떻게 개인의 운명을, 세계사를, 세계 경제를 좌우하는가 ",지은이: 팀 마샬 ;옮긴이: 김미선,사이,2016,9788993178692,03300,,340.98,사회과학 > 정치학 > 정치학,454,http://image.aladin.co.kr/product/8864/8/cover/8993178690_1.jpg,https://data4library.kr/bookV?seq=3265201
